Dataset,PoziomUszkodzen,Metoda,Model,AUC_srednia,AUC_std,Liczba_powtorzen
diabetes,20%,all,NB,0.7364,0.0034,4
diabetes,20%,all,RF,0.7608,0.0133,4
diabetes,20%,all,XGBoost,0.7535,0.0173,4
diabetes,20%,fill,NB,0.5167,0.0092,4
diabetes,20%,fill,RF,0.7275,0.0102,4
diabetes,20%,fill,XGBoost,0.7238,0.0069,4
diabetes,20%,fill_norm,NB,0.5168,0.0092,4
diabetes,20%,fill_norm,RF,0.7274,0.0104,4
diabetes,20%,fill_norm,XGBoost,0.7238,0.0069,4
diabetes,20%,raw,NB,0.4806,0.0157,4
diabetes,20%,raw,RF,0.7188,0.013,4
diabetes,20%,raw,XGBoost,0.7205,0.0141,4
diabetes,20%,remove_fill,NB,0.7365,0.0034,4
diabetes,20%,remove_fill,RF,0.76,0.0123,4
diabetes,20%,remove_fill,XGBoost,0.7535,0.0173,4
diabetes,40%,all,NB,0.5319,0.0228,4
diabetes,40%,all,RF,0.6835,0.0286,4
diabetes,40%,all,XGBoost,0.7087,0.0244,4
diabetes,40%,fill,NB,0.5534,0.0187,4
diabetes,40%,fill,RF,0.6911,0.0245,4
diabetes,40%,fill,XGBoost,0.7001,0.0147,4
diabetes,40%,fill_norm,NB,0.5534,0.0188,4
diabetes,40%,fill_norm,RF,0.6914,0.0252,4
diabetes,40%,fill_norm,XGBoost,0.7001,0.0147,4
diabetes,40%,raw,NB,0.5411,0.0252,4
diabetes,40%,raw,RF,0.6717,0.0447,4
diabetes,40%,raw,XGBoost,0.679,0.0373,4
diabetes,40%,remove_fill,NB,0.5318,0.0228,4
diabetes,40%,remove_fill,RF,0.6838,0.0293,4
diabetes,40%,remove_fill,XGBoost,0.7087,0.0244,4
diabetes,60%,all,NB,0.5362,0.0476,4
diabetes,60%,all,RF,0.613,0.0241,4
diabetes,60%,all,XGBoost,0.6311,0.0171,4
diabetes,60%,fill,NB,0.5179,0.0529,4
diabetes,60%,fill,RF,0.6265,0.0167,4
diabetes,60%,fill,XGBoost,0.6347,0.0169,4
diabetes,60%,fill_norm,NB,0.518,0.0529,4
diabetes,60%,fill_norm,RF,0.6259,0.0165,4
diabetes,60%,fill_norm,XGBoost,0.6347,0.0169,4
diabetes,60%,raw,NB,0.5112,0.0424,4
diabetes,60%,raw,RF,0.6053,0.0488,4
diabetes,60%,raw,XGBoost,0.6257,0.0304,4
diabetes,60%,remove_fill,NB,0.5362,0.0476,4
diabetes,60%,remove_fill,RF,0.6135,0.0244,4
diabetes,60%,remove_fill,XGBoost,0.6311,0.0171,4
diabetes,ORYGINALNY,raw,NB,0.8112,0.0028,2
diabetes,ORYGINALNY,raw,RF,0.8284,0.0027,2
diabetes,ORYGINALNY,raw,XGBoost,0.8131,0.0035,2
kredyty,20%,all,NB,0.6145,0.0076,4
kredyty,20%,all,RF,0.6146,0.0159,4
kredyty,20%,all,XGBoost,0.6118,0.024,4
kredyty,20%,fill,NB,0.5176,0.011,4
kredyty,20%,fill,RF,0.5971,0.0205,4
kredyty,20%,fill,XGBoost,0.6139,0.022,4
kredyty,20%,fill_norm,NB,0.5729,0.0112,4
kredyty,20%,fill_norm,RF,0.5967,0.0219,4
kredyty,20%,fill_norm,XGBoost,0.6139,0.022,4
kredyty,20%,raw,NB,0.5198,0.0114,4
kredyty,20%,raw,RF,0.5966,0.0295,4
kredyty,20%,raw,XGBoost,0.6172,0.024,4
kredyty,20%,remove_fill,NB,0.6162,0.008,4
kredyty,20%,remove_fill,RF,0.6153,0.0153,4
kredyty,20%,remove_fill,XGBoost,0.6118,0.024,4
kredyty,40%,all,NB,0.5515,0.0385,4
kredyty,40%,all,RF,0.5591,0.017,4
kredyty,40%,all,XGBoost,0.5759,0.0108,4
kredyty,40%,fill,NB,0.5196,0.0291,4
kredyty,40%,fill,RF,0.5554,0.0145,4
kredyty,40%,fill,XGBoost,0.5721,0.0146,4
kredyty,40%,fill_norm,NB,0.5545,0.0285,4
kredyty,40%,fill_norm,RF,0.5556,0.0144,4
kredyty,40%,fill_norm,XGBoost,0.5721,0.0146,4
kredyty,40%,raw,NB,0.5417,0.0119,4
kredyty,40%,raw,RF,0.5459,0.0254,4
kredyty,40%,raw,XGBoost,0.5651,0.0292,4
kredyty,40%,remove_fill,NB,0.4924,0.0127,4
kredyty,40%,remove_fill,RF,0.5596,0.0166,4
kredyty,40%,remove_fill,XGBoost,0.5759,0.0108,4
kredyty,60%,all,NB,0.4784,0.0227,4
kredyty,60%,all,RF,0.5144,0.0386,4
kredyty,60%,all,XGBoost,0.5289,0.0128,4
kredyty,60%,fill,NB,0.4921,0.0298,4
kredyty,60%,fill,RF,0.5177,0.0375,4
kredyty,60%,fill,XGBoost,0.5379,0.0172,4
kredyty,60%,fill_norm,NB,0.484,0.0308,4
kredyty,60%,fill_norm,RF,0.5174,0.0364,4
kredyty,60%,fill_norm,XGBoost,0.5379,0.0172,4
kredyty,60%,raw,NB,0.4994,0.0142,4
kredyty,60%,raw,RF,0.4942,0.025,4
kredyty,60%,raw,XGBoost,0.518,0.0217,4
kredyty,60%,remove_fill,NB,0.5015,0.0259,4
kredyty,60%,remove_fill,RF,0.5151,0.039,4
kredyty,60%,remove_fill,XGBoost,0.5289,0.0128,4
kredyty,ORYGINALNY,raw,NB,0.6404,0.0141,2
kredyty,ORYGINALNY,raw,RF,0.689,0.0141,2
kredyty,ORYGINALNY,raw,XGBoost,0.6884,0.0033,2
rezygnacje,20%,all,NB,0.7645,0.0144,4
rezygnacje,20%,all,RF,0.8003,0.0041,4
rezygnacje,20%,all,XGBoost,0.8102,0.0049,4
rezygnacje,20%,fill,NB,0.6025,0.0182,4
rezygnacje,20%,fill,RF,0.8017,0.0091,4
rezygnacje,20%,fill,XGBoost,0.8055,0.007,4
rezygnacje,20%,fill_norm,NB,0.5687,0.0231,4
rezygnacje,20%,fill_norm,RF,0.8017,0.0091,4
rezygnacje,20%,fill_norm,XGBoost,0.8055,0.007,4
rezygnacje,20%,raw,NB,0.6023,0.0269,4
rezygnacje,20%,raw,RF,0.7941,0.0108,4
rezygnacje,20%,raw,XGBoost,0.8046,0.0053,4
rezygnacje,20%,remove_fill,NB,0.7645,0.0144,4
rezygnacje,20%,remove_fill,RF,0.8001,0.004,4
rezygnacje,20%,remove_fill,XGBoost,0.8102,0.0049,4
rezygnacje,40%,all,NB,0.61,0.0041,4
rezygnacje,40%,all,RF,0.6806,0.0031,4
rezygnacje,40%,all,XGBoost,0.6851,0.0123,4
rezygnacje,40%,fill,NB,0.6038,0.0114,4
rezygnacje,40%,fill,RF,0.6907,0.0208,4
rezygnacje,40%,fill,XGBoost,0.7037,0.0123,4
rezygnacje,40%,fill_norm,NB,0.5376,0.0231,4
rezygnacje,40%,fill_norm,RF,0.6908,0.021,4
rezygnacje,40%,fill_norm,XGBoost,0.7037,0.0123,4
rezygnacje,40%,raw,NB,0.6057,0.0094,4
rezygnacje,40%,raw,RF,0.6768,0.0167,4
rezygnacje,40%,raw,XGBoost,0.7064,0.0049,4
rezygnacje,40%,remove_fill,NB,0.6093,0.0038,4
rezygnacje,40%,remove_fill,RF,0.6806,0.0027,4
rezygnacje,40%,remove_fill,XGBoost,0.6851,0.0123,4
rezygnacje,60%,all,NB,0.5533,0.0075,4
rezygnacje,60%,all,RF,0.5742,0.0075,4
rezygnacje,60%,all,XGBoost,0.6098,0.0087,4
rezygnacje,60%,fill,NB,0.5737,0.0022,4
rezygnacje,60%,fill,RF,0.5903,0.0107,4
rezygnacje,60%,fill,XGBoost,0.6208,0.0091,4
rezygnacje,60%,fill_norm,NB,0.5026,0.0089,4
rezygnacje,60%,fill_norm,RF,0.5906,0.0106,4
rezygnacje,60%,fill_norm,XGBoost,0.6208,0.0091,4
rezygnacje,60%,raw,NB,0.5548,0.0057,4
rezygnacje,60%,raw,RF,0.5834,0.0026,4
rezygnacje,60%,raw,XGBoost,0.613,0.0125,4
rezygnacje,60%,remove_fill,NB,0.5511,0.0051,4
rezygnacje,60%,remove_fill,RF,0.574,0.0076,4
rezygnacje,60%,remove_fill,XGBoost,0.6098,0.0087,4
rezygnacje,ORYGINALNY,raw,NB,0.6524,0.0011,2
rezygnacje,ORYGINALNY,raw,RF,0.9113,0.0013,2
rezygnacje,ORYGINALNY,raw,XGBoost,0.9124,0.0001,2
serce,20%,all,NB,0.8214,0.0134,4
serce,20%,all,RF,0.8453,0.0184,4
serce,20%,all,XGBoost,0.8243,0.0147,4
serce,20%,fill,NB,0.8166,0.0035,4
serce,20%,fill,RF,0.8388,0.0143,4
serce,20%,fill,XGBoost,0.8177,0.012,4
serce,20%,fill_norm,NB,0.7996,0.0037,4
serce,20%,fill_norm,RF,0.8382,0.0141,4
serce,20%,fill_norm,XGBoost,0.8177,0.012,4
serce,20%,raw,NB,0.8284,0.0106,4
serce,20%,raw,RF,0.8564,0.0142,4
serce,20%,raw,XGBoost,0.8368,0.0153,4
serce,20%,remove_fill,NB,0.8214,0.0134,4
serce,20%,remove_fill,RF,0.845,0.0178,4
serce,20%,remove_fill,XGBoost,0.8243,0.0147,4
serce,40%,all,NB,0.7594,0.0342,4
serce,40%,all,RF,0.752,0.0412,4
serce,40%,all,XGBoost,0.7611,0.0323,4
serce,40%,fill,NB,0.7539,0.0317,4
serce,40%,fill,RF,0.7615,0.0397,4
serce,40%,fill,XGBoost,0.7724,0.044,4
serce,40%,fill_norm,NB,0.7516,0.0199,4
serce,40%,fill_norm,RF,0.761,0.0396,4
serce,40%,fill_norm,XGBoost,0.7724,0.044,4
serce,40%,raw,NB,0.7667,0.033,4
serce,40%,raw,RF,0.7596,0.0277,4
serce,40%,raw,XGBoost,0.7538,0.0266,4
serce,40%,remove_fill,NB,0.7618,0.0365,4
serce,40%,remove_fill,RF,0.7525,0.0409,4
serce,40%,remove_fill,XGBoost,0.7611,0.0323,4
serce,60%,all,NB,0.6332,0.0264,4
serce,60%,all,RF,0.5724,0.0433,4
serce,60%,all,XGBoost,0.6071,0.0369,4
serce,60%,fill,NB,0.6425,0.0213,4
serce,60%,fill,RF,0.5829,0.0325,4
serce,60%,fill,XGBoost,0.6096,0.0295,4
serce,60%,fill_norm,NB,0.6376,0.0164,4
serce,60%,fill_norm,RF,0.5828,0.0322,4
serce,60%,fill_norm,XGBoost,0.6096,0.0295,4
serce,60%,raw,NB,0.6285,0.0337,4
serce,60%,raw,RF,0.587,0.0273,4
serce,60%,raw,XGBoost,0.597,0.0288,4
serce,60%,remove_fill,NB,0.6171,0.0215,4
serce,60%,remove_fill,RF,0.5726,0.0436,4
serce,60%,remove_fill,XGBoost,0.6071,0.0369,4
serce,ORYGINALNY,raw,NB,0.8599,0.0209,2
serce,ORYGINALNY,raw,RF,0.8932,0.0098,2
serce,ORYGINALNY,raw,XGBoost,0.8841,0.0147,2
zapalenia,20%,all,NB,0.838,0.0106,4
zapalenia,20%,all,RF,0.879,0.0165,4
zapalenia,20%,all,XGBoost,0.8495,0.0068,4
zapalenia,20%,fill,NB,0.6828,0.0099,4
zapalenia,20%,fill,RF,0.8806,0.0184,4
zapalenia,20%,fill,XGBoost,0.857,0.0195,4
zapalenia,20%,fill_norm,NB,0.5769,0.0201,4
zapalenia,20%,fill_norm,RF,0.8804,0.0184,4
zapalenia,20%,fill_norm,XGBoost,0.857,0.0195,4
zapalenia,20%,raw,NB,0.6225,0.0186,4
zapalenia,20%,raw,RF,0.8938,0.0107,4
zapalenia,20%,raw,XGBoost,0.8837,0.0034,4
zapalenia,20%,remove_fill,NB,0.8494,0.0081,4
zapalenia,20%,remove_fill,RF,0.8788,0.0165,4
zapalenia,20%,remove_fill,XGBoost,0.8495,0.0068,4
zapalenia,40%,all,NB,0.8044,0.0053,4
zapalenia,40%,all,RF,0.7909,0.0194,4
zapalenia,40%,all,XGBoost,0.7997,0.0107,4
zapalenia,40%,fill,NB,0.6334,0.0609,4
zapalenia,40%,fill,RF,0.8487,0.0276,4
zapalenia,40%,fill,XGBoost,0.8215,0.0382,4
zapalenia,40%,fill_norm,NB,0.6184,0.0227,4
zapalenia,40%,fill_norm,RF,0.8487,0.0277,4
zapalenia,40%,fill_norm,XGBoost,0.8215,0.0382,4
zapalenia,40%,raw,NB,0.5948,0.0439,4
zapalenia,40%,raw,RF,0.8484,0.0147,4
zapalenia,40%,raw,XGBoost,0.8115,0.0331,4
zapalenia,40%,remove_fill,NB,0.5508,0.0232,4
zapalenia,40%,remove_fill,RF,0.7905,0.0196,4
zapalenia,40%,remove_fill,XGBoost,0.7997,0.0107,4
zapalenia,60%,all,NB,0.7142,0.012,4
zapalenia,60%,all,RF,0.672,0.0091,4
zapalenia,60%,all,XGBoost,0.7202,0.0135,4
zapalenia,60%,fill,NB,0.5373,0.02,4
zapalenia,60%,fill,RF,0.7927,0.0183,4
zapalenia,60%,fill,XGBoost,0.7619,0.0099,4
zapalenia,60%,fill_norm,NB,0.6141,0.0192,4
zapalenia,60%,fill_norm,RF,0.7927,0.0184,4
zapalenia,60%,fill_norm,XGBoost,0.7619,0.0099,4
zapalenia,60%,raw,NB,0.5272,0.014,4
zapalenia,60%,raw,RF,0.7775,0.0279,4
zapalenia,60%,raw,XGBoost,0.7362,0.0235,4
zapalenia,60%,remove_fill,NB,0.5586,0.0395,4
zapalenia,60%,remove_fill,RF,0.6722,0.0088,4
zapalenia,60%,remove_fill,XGBoost,0.7202,0.0135,4
zapalenia,ORYGINALNY,raw,NB,0.8706,0.0001,2
zapalenia,ORYGINALNY,raw,RF,0.9318,0.0127,2
zapalenia,ORYGINALNY,raw,XGBoost,0.9368,0.0045,2
