Dataset,PoziomUszkodzen,Metoda,Model,DamageRepeat,CVRepeat,CVSeed,AUC
zapalenia,ORYGINALNY,raw,RF,0,1,101,0.9228
zapalenia,ORYGINALNY,raw,RF,0,2,202,0.9407
zapalenia,ORYGINALNY,raw,NB,0,1,101,0.8707
zapalenia,ORYGINALNY,raw,NB,0,2,202,0.8706
zapalenia,ORYGINALNY,raw,XGBoost,0,1,101,0.9336
zapalenia,ORYGINALNY,raw,XGBoost,0,2,202,0.94
zapalenia,20%,raw,RF,1,1,101,0.9014
zapalenia,20%,raw,RF,1,2,202,0.9029
zapalenia,20%,raw,NB,1,1,101,0.6041
zapalenia,20%,raw,NB,1,2,202,0.6144
zapalenia,20%,raw,XGBoost,1,1,101,0.879
zapalenia,20%,raw,XGBoost,1,2,202,0.8837
zapalenia,20%,fill,RF,1,1,101,0.8941
zapalenia,20%,fill,RF,1,2,202,0.8971
zapalenia,20%,fill,NB,1,1,101,0.6787
zapalenia,20%,fill,NB,1,2,202,0.6966
zapalenia,20%,fill,XGBoost,1,1,101,0.8726
zapalenia,20%,fill,XGBoost,1,2,202,0.8661
zapalenia,20%,remove_fill,RF,1,1,101,0.895
zapalenia,20%,remove_fill,RF,1,2,202,0.8796
zapalenia,20%,remove_fill,NB,1,1,101,0.8544
zapalenia,20%,remove_fill,NB,1,2,202,0.85
zapalenia,20%,remove_fill,XGBoost,1,1,101,0.8535
zapalenia,20%,remove_fill,XGBoost,1,2,202,0.8501
zapalenia,20%,fill_norm,RF,1,1,101,0.8937
zapalenia,20%,fill_norm,RF,1,2,202,0.8972
zapalenia,20%,fill_norm,NB,1,1,101,0.5733
zapalenia,20%,fill_norm,NB,1,2,202,0.55
zapalenia,20%,fill_norm,XGBoost,1,1,101,0.8726
zapalenia,20%,fill_norm,XGBoost,1,2,202,0.8661
zapalenia,20%,all,RF,1,1,101,0.8953
zapalenia,20%,all,RF,1,2,202,0.8798
zapalenia,20%,all,NB,1,1,101,0.8469
zapalenia,20%,all,NB,1,2,202,0.8296
zapalenia,20%,all,XGBoost,1,1,101,0.8535
zapalenia,20%,all,XGBoost,1,2,202,0.8501
zapalenia,20%,raw,RF,2,1,101,0.8797
zapalenia,20%,raw,RF,2,2,202,0.8913
zapalenia,20%,raw,NB,2,1,101,0.6237
zapalenia,20%,raw,NB,2,2,202,0.6477
zapalenia,20%,raw,XGBoost,2,1,101,0.8871
zapalenia,20%,raw,XGBoost,2,2,202,0.8849
zapalenia,20%,fill,RF,2,1,101,0.8582
zapalenia,20%,fill,RF,2,2,202,0.8728
zapalenia,20%,fill,NB,2,1,101,0.6736
zapalenia,20%,fill,NB,2,2,202,0.6821
zapalenia,20%,fill,XGBoost,2,1,101,0.8607
zapalenia,20%,fill,XGBoost,2,2,202,0.8288
zapalenia,20%,remove_fill,RF,2,1,101,0.8847
zapalenia,20%,remove_fill,RF,2,2,202,0.8561
zapalenia,20%,remove_fill,NB,2,1,101,0.8553
zapalenia,20%,remove_fill,NB,2,2,202,0.8377
zapalenia,20%,remove_fill,XGBoost,2,1,101,0.8547
zapalenia,20%,remove_fill,XGBoost,2,2,202,0.8398
zapalenia,20%,fill_norm,RF,2,1,101,0.8579
zapalenia,20%,fill_norm,RF,2,2,202,0.873
zapalenia,20%,fill_norm,NB,2,1,101,0.5898
zapalenia,20%,fill_norm,NB,2,2,202,0.5944
zapalenia,20%,fill_norm,XGBoost,2,1,101,0.8607
zapalenia,20%,fill_norm,XGBoost,2,2,202,0.8288
zapalenia,20%,all,RF,2,1,101,0.8848
zapalenia,20%,all,RF,2,2,202,0.8563
zapalenia,20%,all,NB,2,1,101,0.8474
zapalenia,20%,all,NB,2,2,202,0.8281
zapalenia,20%,all,XGBoost,2,1,101,0.8547
zapalenia,20%,all,XGBoost,2,2,202,0.8398
zapalenia,40%,raw,RF,1,1,101,0.8503
zapalenia,40%,raw,RF,1,2,202,0.8683
zapalenia,40%,raw,NB,1,1,101,0.6225
zapalenia,40%,raw,NB,1,2,202,0.641
zapalenia,40%,raw,XGBoost,1,1,101,0.8266
zapalenia,40%,raw,XGBoost,1,2,202,0.8494
zapalenia,40%,fill,RF,1,1,101,0.873
zapalenia,40%,fill,RF,1,2,202,0.8722
zapalenia,40%,fill,NB,1,1,101,0.696
zapalenia,40%,fill,NB,1,2,202,0.6747
zapalenia,40%,fill,XGBoost,1,1,101,0.8306
zapalenia,40%,fill,XGBoost,1,2,202,0.8696
zapalenia,40%,remove_fill,RF,1,1,101,0.7983
zapalenia,40%,remove_fill,RF,1,2,202,0.8141
zapalenia,40%,remove_fill,NB,1,1,101,0.584
zapalenia,40%,remove_fill,NB,1,2,202,0.5354
zapalenia,40%,remove_fill,XGBoost,1,1,101,0.7991
zapalenia,40%,remove_fill,XGBoost,1,2,202,0.8142
zapalenia,40%,fill_norm,RF,1,1,101,0.8732
zapalenia,40%,fill_norm,RF,1,2,202,0.8721
zapalenia,40%,fill_norm,NB,1,1,101,0.6368
zapalenia,40%,fill_norm,NB,1,2,202,0.6152
zapalenia,40%,fill_norm,XGBoost,1,1,101,0.8306
zapalenia,40%,fill_norm,XGBoost,1,2,202,0.8696
zapalenia,40%,all,RF,1,1,101,0.7987
zapalenia,40%,all,RF,1,2,202,0.8144
zapalenia,40%,all,NB,1,1,101,0.8075
zapalenia,40%,all,NB,1,2,202,0.8101
zapalenia,40%,all,XGBoost,1,1,101,0.7991
zapalenia,40%,all,XGBoost,1,2,202,0.8142
zapalenia,40%,raw,RF,2,1,101,0.8397
zapalenia,40%,raw,RF,2,2,202,0.8351
zapalenia,40%,raw,NB,2,1,101,0.5491
zapalenia,40%,raw,NB,2,2,202,0.5666
zapalenia,40%,raw,XGBoost,2,1,101,0.7744
zapalenia,40%,raw,XGBoost,2,2,202,0.7956
zapalenia,40%,fill,RF,2,1,101,0.8236
zapalenia,40%,fill,RF,2,2,202,0.8259
zapalenia,40%,fill,NB,2,1,101,0.5735
zapalenia,40%,fill,NB,2,2,202,0.5895
zapalenia,40%,fill,XGBoost,2,1,101,0.8061
zapalenia,40%,fill,XGBoost,2,2,202,0.7797
zapalenia,40%,remove_fill,RF,2,1,101,0.7704
zapalenia,40%,remove_fill,RF,2,2,202,0.7791
zapalenia,40%,remove_fill,NB,2,1,101,0.5497
zapalenia,40%,remove_fill,NB,2,2,202,0.5341
zapalenia,40%,remove_fill,XGBoost,2,1,101,0.7971
zapalenia,40%,remove_fill,XGBoost,2,2,202,0.7884
zapalenia,40%,fill_norm,RF,2,1,101,0.8234
zapalenia,40%,fill_norm,RF,2,2,202,0.8261
zapalenia,40%,fill_norm,NB,2,1,101,0.634
zapalenia,40%,fill_norm,NB,2,2,202,0.5876
zapalenia,40%,fill_norm,XGBoost,2,1,101,0.8061
zapalenia,40%,fill_norm,XGBoost,2,2,202,0.7797
zapalenia,40%,all,RF,2,1,101,0.7713
zapalenia,40%,all,RF,2,2,202,0.7792
zapalenia,40%,all,NB,2,1,101,0.8018
zapalenia,40%,all,NB,2,2,202,0.7984
zapalenia,40%,all,XGBoost,2,1,101,0.7971
zapalenia,40%,all,XGBoost,2,2,202,0.7884
zapalenia,60%,raw,RF,1,1,101,0.766
zapalenia,60%,raw,RF,1,2,202,0.7501
zapalenia,60%,raw,NB,1,1,101,0.5147
zapalenia,60%,raw,NB,1,2,202,0.5159
zapalenia,60%,raw,XGBoost,1,1,101,0.7569
zapalenia,60%,raw,XGBoost,1,2,202,0.7024
zapalenia,60%,fill,RF,1,1,101,0.787
zapalenia,60%,fill,RF,1,2,202,0.7694
zapalenia,60%,fill,NB,1,1,101,0.5186
zapalenia,60%,fill,NB,1,2,202,0.5231
zapalenia,60%,fill,XGBoost,1,1,101,0.7664
zapalenia,60%,fill,XGBoost,1,2,202,0.7494
zapalenia,60%,remove_fill,RF,1,1,101,0.6703
zapalenia,60%,remove_fill,RF,1,2,202,0.6611
zapalenia,60%,remove_fill,NB,1,1,101,0.5269
zapalenia,60%,remove_fill,NB,1,2,202,0.5237
zapalenia,60%,remove_fill,XGBoost,1,1,101,0.7272
zapalenia,60%,remove_fill,XGBoost,1,2,202,0.7017
zapalenia,60%,fill_norm,RF,1,1,101,0.7871
zapalenia,60%,fill_norm,RF,1,2,202,0.7691
zapalenia,60%,fill_norm,NB,1,1,101,0.6303
zapalenia,60%,fill_norm,NB,1,2,202,0.6311
zapalenia,60%,fill_norm,XGBoost,1,1,101,0.7664
zapalenia,60%,fill_norm,XGBoost,1,2,202,0.7494
zapalenia,60%,all,RF,1,1,101,0.6705
zapalenia,60%,all,RF,1,2,202,0.6605
zapalenia,60%,all,NB,1,1,101,0.7195
zapalenia,60%,all,NB,1,2,202,0.7231
zapalenia,60%,all,XGBoost,1,1,101,0.7272
zapalenia,60%,all,XGBoost,1,2,202,0.7017
zapalenia,60%,raw,RF,2,1,101,0.7784
zapalenia,60%,raw,RF,2,2,202,0.8155
zapalenia,60%,raw,NB,2,1,101,0.5362
zapalenia,60%,raw,NB,2,2,202,0.542
zapalenia,60%,raw,XGBoost,2,1,101,0.7424
zapalenia,60%,raw,XGBoost,2,2,202,0.7429
zapalenia,60%,fill,RF,2,1,101,0.8058
zapalenia,60%,fill,RF,2,2,202,0.8086
zapalenia,60%,fill,NB,2,1,101,0.5464
zapalenia,60%,fill,NB,2,2,202,0.561
zapalenia,60%,fill,XGBoost,2,1,101,0.7725
zapalenia,60%,fill,XGBoost,2,2,202,0.7593
zapalenia,60%,remove_fill,RF,2,1,101,0.6821
zapalenia,60%,remove_fill,RF,2,2,202,0.6751
zapalenia,60%,remove_fill,NB,2,1,101,0.5809
zapalenia,60%,remove_fill,NB,2,2,202,0.6028
zapalenia,60%,remove_fill,XGBoost,2,1,101,0.7325
zapalenia,60%,remove_fill,XGBoost,2,2,202,0.7195
zapalenia,60%,fill_norm,RF,2,1,101,0.8061
zapalenia,60%,fill_norm,RF,2,2,202,0.8086
zapalenia,60%,fill_norm,NB,2,1,101,0.5954
zapalenia,60%,fill_norm,NB,2,2,202,0.5996
zapalenia,60%,fill_norm,XGBoost,2,1,101,0.7725
zapalenia,60%,fill_norm,XGBoost,2,2,202,0.7593
zapalenia,60%,all,RF,2,1,101,0.6823
zapalenia,60%,all,RF,2,2,202,0.6749
zapalenia,60%,all,NB,2,1,101,0.7175
zapalenia,60%,all,NB,2,2,202,0.6965
zapalenia,60%,all,XGBoost,2,1,101,0.7325
zapalenia,60%,all,XGBoost,2,2,202,0.7195
diabetes,ORYGINALNY,raw,RF,0,1,101,0.8303
diabetes,ORYGINALNY,raw,RF,0,2,202,0.8265
diabetes,ORYGINALNY,raw,NB,0,1,101,0.8092
diabetes,ORYGINALNY,raw,NB,0,2,202,0.8132
diabetes,ORYGINALNY,raw,XGBoost,0,1,101,0.8106
diabetes,ORYGINALNY,raw,XGBoost,0,2,202,0.8155
diabetes,20%,raw,RF,1,1,101,0.7346
diabetes,20%,raw,RF,1,2,202,0.7217
diabetes,20%,raw,NB,1,1,101,0.5018
diabetes,20%,raw,NB,1,2,202,0.483
diabetes,20%,raw,XGBoost,1,1,101,0.7382
diabetes,20%,raw,XGBoost,1,2,202,0.7215
diabetes,20%,fill,RF,1,1,101,0.7399
diabetes,20%,fill,RF,1,2,202,0.7313
diabetes,20%,fill,NB,1,1,101,0.5136
diabetes,20%,fill,NB,1,2,202,0.5129
diabetes,20%,fill,XGBoost,1,1,101,0.7308
diabetes,20%,fill,XGBoost,1,2,202,0.7257
diabetes,20%,remove_fill,RF,1,1,101,0.7719
diabetes,20%,remove_fill,RF,1,2,202,0.768
diabetes,20%,remove_fill,NB,1,1,101,0.7341
diabetes,20%,remove_fill,NB,1,2,202,0.7415
diabetes,20%,remove_fill,XGBoost,1,1,101,0.7724
diabetes,20%,remove_fill,XGBoost,1,2,202,0.7636
diabetes,20%,fill_norm,RF,1,1,101,0.7408
diabetes,20%,fill_norm,RF,1,2,202,0.7305
diabetes,20%,fill_norm,NB,1,1,101,0.5137
diabetes,20%,fill_norm,NB,1,2,202,0.5129
diabetes,20%,fill_norm,XGBoost,1,1,101,0.7308
diabetes,20%,fill_norm,XGBoost,1,2,202,0.7257
diabetes,20%,all,RF,1,1,101,0.7739
diabetes,20%,all,RF,1,2,202,0.7693
diabetes,20%,all,NB,1,1,101,0.7341
diabetes,20%,all,NB,1,2,202,0.7414
diabetes,20%,all,XGBoost,1,1,101,0.7724
diabetes,20%,all,XGBoost,1,2,202,0.7636
diabetes,20%,raw,RF,2,1,101,0.7156
diabetes,20%,raw,RF,2,2,202,0.7034
diabetes,20%,raw,NB,2,1,101,0.4677
diabetes,20%,raw,NB,2,2,202,0.4697
diabetes,20%,raw,XGBoost,2,1,101,0.7183
diabetes,20%,raw,XGBoost,2,2,202,0.7039
diabetes,20%,fill,RF,2,1,101,0.7216
diabetes,20%,fill,RF,2,2,202,0.7171
diabetes,20%,fill,NB,2,1,101,0.5303
diabetes,20%,fill,NB,2,2,202,0.5101
diabetes,20%,fill,XGBoost,2,1,101,0.7242
diabetes,20%,fill,XGBoost,2,2,202,0.7143
diabetes,20%,remove_fill,RF,2,1,101,0.745
diabetes,20%,remove_fill,RF,2,2,202,0.7552
diabetes,20%,remove_fill,NB,2,1,101,0.7347
diabetes,20%,remove_fill,NB,2,2,202,0.7355
diabetes,20%,remove_fill,XGBoost,2,1,101,0.7363
diabetes,20%,remove_fill,XGBoost,2,2,202,0.7416
diabetes,20%,fill_norm,RF,2,1,101,0.7206
diabetes,20%,fill_norm,RF,2,2,202,0.7178
diabetes,20%,fill_norm,NB,2,1,101,0.5303
diabetes,20%,fill_norm,NB,2,2,202,0.5101
diabetes,20%,fill_norm,XGBoost,2,1,101,0.7242
diabetes,20%,fill_norm,XGBoost,2,2,202,0.7143
diabetes,20%,all,RF,2,1,101,0.7447
diabetes,20%,all,RF,2,2,202,0.7555
diabetes,20%,all,NB,2,1,101,0.7347
diabetes,20%,all,NB,2,2,202,0.7355
diabetes,20%,all,XGBoost,2,1,101,0.7363
diabetes,20%,all,XGBoost,2,2,202,0.7416
diabetes,40%,raw,RF,1,1,101,0.6278
diabetes,40%,raw,RF,1,2,202,0.639
diabetes,40%,raw,NB,1,1,101,0.5057
diabetes,40%,raw,NB,1,2,202,0.5441
diabetes,40%,raw,XGBoost,1,1,101,0.6392
diabetes,40%,raw,XGBoost,1,2,202,0.6575
diabetes,40%,fill,RF,1,1,101,0.6645
diabetes,40%,fill,RF,1,2,202,0.6815
diabetes,40%,fill,NB,1,1,101,0.5385
diabetes,40%,fill,NB,1,2,202,0.5778
diabetes,40%,fill,XGBoost,1,1,101,0.6852
diabetes,40%,fill,XGBoost,1,2,202,0.693
diabetes,40%,remove_fill,RF,1,1,101,0.6648
diabetes,40%,remove_fill,RF,1,2,202,0.6537
diabetes,40%,remove_fill,NB,1,1,101,0.5008
diabetes,40%,remove_fill,NB,1,2,202,0.5337
diabetes,40%,remove_fill,XGBoost,1,1,101,0.689
diabetes,40%,remove_fill,XGBoost,1,2,202,0.6867
diabetes,40%,fill_norm,RF,1,1,101,0.6631
diabetes,40%,fill_norm,RF,1,2,202,0.6824
diabetes,40%,fill_norm,NB,1,1,101,0.5384
diabetes,40%,fill_norm,NB,1,2,202,0.5779
diabetes,40%,fill_norm,XGBoost,1,1,101,0.6852
diabetes,40%,fill_norm,XGBoost,1,2,202,0.693
diabetes,40%,all,RF,1,1,101,0.6652
diabetes,40%,all,RF,1,2,202,0.6538
diabetes,40%,all,NB,1,1,101,0.5008
diabetes,40%,all,NB,1,2,202,0.5337
diabetes,40%,all,XGBoost,1,1,101,0.689
diabetes,40%,all,XGBoost,1,2,202,0.6867
diabetes,40%,raw,RF,2,1,101,0.7054
diabetes,40%,raw,RF,2,2,202,0.7147
diabetes,40%,raw,NB,2,1,101,0.565
diabetes,40%,raw,NB,2,2,202,0.5497
diabetes,40%,raw,XGBoost,2,1,101,0.6988
diabetes,40%,raw,XGBoost,2,2,202,0.7206
diabetes,40%,fill,RF,2,1,101,0.7223
diabetes,40%,fill,RF,2,2,202,0.696
diabetes,40%,fill,NB,2,1,101,0.5586
diabetes,40%,fill,NB,2,2,202,0.5389
diabetes,40%,fill,XGBoost,2,1,101,0.7193
diabetes,40%,fill,XGBoost,2,2,202,0.7028
diabetes,40%,remove_fill,RF,2,1,101,0.7154
diabetes,40%,remove_fill,RF,2,2,202,0.7014
diabetes,40%,remove_fill,NB,2,1,101,0.5555
diabetes,40%,remove_fill,NB,2,2,202,0.5374
diabetes,40%,remove_fill,XGBoost,2,1,101,0.7339
diabetes,40%,remove_fill,XGBoost,2,2,202,0.7252
diabetes,40%,fill_norm,RF,2,1,101,0.7229
diabetes,40%,fill_norm,RF,2,2,202,0.6972
diabetes,40%,fill_norm,NB,2,1,101,0.5585
diabetes,40%,fill_norm,NB,2,2,202,0.5389
diabetes,40%,fill_norm,XGBoost,2,1,101,0.7193
diabetes,40%,fill_norm,XGBoost,2,2,202,0.7028
diabetes,40%,all,RF,2,1,101,0.714
diabetes,40%,all,RF,2,2,202,0.7011
diabetes,40%,all,NB,2,1,101,0.5555
diabetes,40%,all,NB,2,2,202,0.5375
diabetes,40%,all,XGBoost,2,1,101,0.7339
diabetes,40%,all,XGBoost,2,2,202,0.7252
diabetes,60%,raw,RF,1,1,101,0.5841
diabetes,60%,raw,RF,1,2,202,0.5466
diabetes,60%,raw,NB,1,1,101,0.5168
diabetes,60%,raw,NB,1,2,202,0.4505
diabetes,60%,raw,XGBoost,1,1,101,0.6167
diabetes,60%,raw,XGBoost,1,2,202,0.5867
diabetes,60%,fill,RF,1,1,101,0.6485
diabetes,60%,fill,RF,1,2,202,0.609
diabetes,60%,fill,NB,1,1,101,0.5145
diabetes,60%,fill,NB,1,2,202,0.4456
diabetes,60%,fill,XGBoost,1,1,101,0.6568
diabetes,60%,fill,XGBoost,1,2,202,0.6177
diabetes,60%,remove_fill,RF,1,1,101,0.6498
diabetes,60%,remove_fill,RF,1,2,202,0.6034
diabetes,60%,remove_fill,NB,1,1,101,0.5245
diabetes,60%,remove_fill,NB,1,2,202,0.4738
diabetes,60%,remove_fill,XGBoost,1,1,101,0.654
diabetes,60%,remove_fill,XGBoost,1,2,202,0.6312
diabetes,60%,fill_norm,RF,1,1,101,0.6476
diabetes,60%,fill_norm,RF,1,2,202,0.6089
diabetes,60%,fill_norm,NB,1,1,101,0.5146
diabetes,60%,fill_norm,NB,1,2,202,0.4456
diabetes,60%,fill_norm,XGBoost,1,1,101,0.6568
diabetes,60%,fill_norm,XGBoost,1,2,202,0.6177
diabetes,60%,all,RF,1,1,101,0.6488
diabetes,60%,all,RF,1,2,202,0.6041
diabetes,60%,all,NB,1,1,101,0.5245
diabetes,60%,all,NB,1,2,202,0.4738
diabetes,60%,all,XGBoost,1,1,101,0.654
diabetes,60%,all,XGBoost,1,2,202,0.6312
diabetes,60%,raw,RF,2,1,101,0.6399
diabetes,60%,raw,RF,2,2,202,0.6506
diabetes,60%,raw,NB,2,1,101,0.5292
diabetes,60%,raw,NB,2,2,202,0.5481
diabetes,60%,raw,XGBoost,2,1,101,0.6473
diabetes,60%,raw,XGBoost,2,2,202,0.6522
diabetes,60%,fill,RF,2,1,101,0.6287
diabetes,60%,fill,RF,2,2,202,0.6198
diabetes,60%,fill,NB,2,1,101,0.5438
diabetes,60%,fill,NB,2,2,202,0.5679
diabetes,60%,fill,XGBoost,2,1,101,0.6262
diabetes,60%,fill,XGBoost,2,2,202,0.6379
diabetes,60%,remove_fill,RF,2,1,101,0.6041
diabetes,60%,remove_fill,RF,2,2,202,0.5968
diabetes,60%,remove_fill,NB,2,1,101,0.5774
diabetes,60%,remove_fill,NB,2,2,202,0.5691
diabetes,60%,remove_fill,XGBoost,2,1,101,0.613
diabetes,60%,remove_fill,XGBoost,2,2,202,0.6261
diabetes,60%,fill_norm,RF,2,1,101,0.6283
diabetes,60%,fill_norm,RF,2,2,202,0.6188
diabetes,60%,fill_norm,NB,2,1,101,0.5439
diabetes,60%,fill_norm,NB,2,2,202,0.5678
diabetes,60%,fill_norm,XGBoost,2,1,101,0.6262
diabetes,60%,fill_norm,XGBoost,2,2,202,0.6379
diabetes,60%,all,RF,2,1,101,0.6031
diabetes,60%,all,RF,2,2,202,0.596
diabetes,60%,all,NB,2,1,101,0.5774
diabetes,60%,all,NB,2,2,202,0.5691
diabetes,60%,all,XGBoost,2,1,101,0.613
diabetes,60%,all,XGBoost,2,2,202,0.6261
serce,ORYGINALNY,raw,RF,0,1,101,0.9001
serce,ORYGINALNY,raw,RF,0,2,202,0.8862
serce,ORYGINALNY,raw,NB,0,1,101,0.8451
serce,ORYGINALNY,raw,NB,0,2,202,0.8747
serce,ORYGINALNY,raw,XGBoost,0,1,101,0.8945
serce,ORYGINALNY,raw,XGBoost,0,2,202,0.8737
serce,20%,raw,RF,1,1,101,0.8732
serce,20%,raw,RF,1,2,202,0.8476
serce,20%,raw,NB,1,1,101,0.841
serce,20%,raw,NB,1,2,202,0.8317
serce,20%,raw,XGBoost,1,1,101,0.8558
serce,20%,raw,XGBoost,1,2,202,0.8185
serce,20%,fill,RF,1,1,101,0.8551
serce,20%,fill,RF,1,2,202,0.8464
serce,20%,fill,NB,1,1,101,0.8203
serce,20%,fill,NB,1,2,202,0.8183
serce,20%,fill,XGBoost,1,1,101,0.8317
serce,20%,fill,XGBoost,1,2,202,0.8028
serce,20%,remove_fill,RF,1,1,101,0.8629
serce,20%,remove_fill,RF,1,2,202,0.8572
serce,20%,remove_fill,NB,1,1,101,0.822
serce,20%,remove_fill,NB,1,2,202,0.8397
serce,20%,remove_fill,XGBoost,1,1,101,0.8425
serce,20%,remove_fill,XGBoost,1,2,202,0.8282
serce,20%,fill_norm,RF,1,1,101,0.8548
serce,20%,fill_norm,RF,1,2,202,0.8449
serce,20%,fill_norm,NB,1,1,101,0.7967
serce,20%,fill_norm,NB,1,2,202,0.797
serce,20%,fill_norm,XGBoost,1,1,101,0.8317
serce,20%,fill_norm,XGBoost,1,2,202,0.8028
serce,20%,all,RF,1,1,101,0.8639
serce,20%,all,RF,1,2,202,0.8579
serce,20%,all,NB,1,1,101,0.822
serce,20%,all,NB,1,2,202,0.8397
serce,20%,all,XGBoost,1,1,101,0.8425
serce,20%,all,XGBoost,1,2,202,0.8282
serce,20%,raw,RF,2,1,101,0.8627
serce,20%,raw,RF,2,2,202,0.842
serce,20%,raw,NB,2,1,101,0.825
serce,20%,raw,NB,2,2,202,0.8158
serce,20%,raw,XGBoost,2,1,101,0.8343
serce,20%,raw,XGBoost,2,2,202,0.8385
serce,20%,fill,RF,2,1,101,0.8263
serce,20%,fill,RF,2,2,202,0.8273
serce,20%,fill,NB,2,1,101,0.8122
serce,20%,fill,NB,2,2,202,0.8157
serce,20%,fill,XGBoost,2,1,101,0.8205
serce,20%,fill,XGBoost,2,2,202,0.8157
serce,20%,remove_fill,RF,2,1,101,0.834
serce,20%,remove_fill,RF,2,2,202,0.826
serce,20%,remove_fill,NB,2,1,101,0.8158
serce,20%,remove_fill,NB,2,2,202,0.8083
serce,20%,remove_fill,XGBoost,2,1,101,0.8188
serce,20%,remove_fill,XGBoost,2,2,202,0.8077
serce,20%,fill_norm,RF,2,1,101,0.8263
serce,20%,fill_norm,RF,2,2,202,0.8267
serce,20%,fill_norm,NB,2,1,101,0.8047
serce,20%,fill_norm,NB,2,2,202,0.7999
serce,20%,fill_norm,XGBoost,2,1,101,0.8205
serce,20%,fill_norm,XGBoost,2,2,202,0.8157
serce,20%,all,RF,2,1,101,0.8332
serce,20%,all,RF,2,2,202,0.8262
serce,20%,all,NB,2,1,101,0.8158
serce,20%,all,NB,2,2,202,0.8083
serce,20%,all,XGBoost,2,1,101,0.8188
serce,20%,all,XGBoost,2,2,202,0.8077
serce,40%,raw,RF,1,1,101,0.776
serce,40%,raw,RF,1,2,202,0.7858
serce,40%,raw,NB,1,1,101,0.8005
serce,40%,raw,NB,1,2,202,0.7888
serce,40%,raw,XGBoost,1,1,101,0.778
serce,40%,raw,XGBoost,1,2,202,0.7725
serce,40%,fill,RF,1,1,101,0.7998
serce,40%,fill,RF,1,2,202,0.7798
serce,40%,fill,NB,1,1,101,0.7837
serce,40%,fill,NB,1,2,202,0.7758
serce,40%,fill,XGBoost,1,1,101,0.8215
serce,40%,fill,XGBoost,1,2,202,0.7863
serce,40%,remove_fill,RF,1,1,101,0.7927
serce,40%,remove_fill,RF,1,2,202,0.7657
serce,40%,remove_fill,NB,1,1,101,0.7987
serce,40%,remove_fill,NB,1,2,202,0.7833
serce,40%,remove_fill,XGBoost,1,1,101,0.7968
serce,40%,remove_fill,XGBoost,1,2,202,0.7573
serce,40%,fill_norm,RF,1,1,101,0.7995
serce,40%,fill_norm,RF,1,2,202,0.7786
serce,40%,fill_norm,NB,1,1,101,0.7609
serce,40%,fill_norm,NB,1,2,202,0.7658
serce,40%,fill_norm,XGBoost,1,1,101,0.8215
serce,40%,fill_norm,XGBoost,1,2,202,0.7863
serce,40%,all,RF,1,1,101,0.7929
serce,40%,all,RF,1,2,202,0.7662
serce,40%,all,NB,1,1,101,0.7898
serce,40%,all,NB,1,2,202,0.7845
serce,40%,all,XGBoost,1,1,101,0.7968
serce,40%,all,XGBoost,1,2,202,0.7573
serce,40%,raw,RF,2,1,101,0.7532
serce,40%,raw,RF,2,2,202,0.7235
serce,40%,raw,NB,2,1,101,0.7447
serce,40%,raw,NB,2,2,202,0.7327
serce,40%,raw,XGBoost,2,1,101,0.744
serce,40%,raw,XGBoost,2,2,202,0.7208
serce,40%,fill,RF,2,1,101,0.759
serce,40%,fill,RF,2,2,202,0.7075
serce,40%,fill,NB,2,1,101,0.7405
serce,40%,fill,NB,2,2,202,0.7155
serce,40%,fill,XGBoost,2,1,101,0.7658
serce,40%,fill,XGBoost,2,2,202,0.7162
serce,40%,remove_fill,RF,2,1,101,0.7558
serce,40%,remove_fill,RF,2,2,202,0.6958
serce,40%,remove_fill,NB,2,1,101,0.7477
serce,40%,remove_fill,NB,2,2,202,0.7173
serce,40%,remove_fill,XGBoost,2,1,101,0.771
serce,40%,remove_fill,XGBoost,2,2,202,0.7193
serce,40%,fill_norm,RF,2,1,101,0.7589
serce,40%,fill_norm,RF,2,2,202,0.7071
serce,40%,fill_norm,NB,2,1,101,0.7574
serce,40%,fill_norm,NB,2,2,202,0.7222
serce,40%,fill_norm,XGBoost,2,1,101,0.7658
serce,40%,fill_norm,XGBoost,2,2,202,0.7162
serce,40%,all,RF,2,1,101,0.7535
serce,40%,all,RF,2,2,202,0.6954
serce,40%,all,NB,2,1,101,0.7462
serce,40%,all,NB,2,2,202,0.7172
serce,40%,all,XGBoost,2,1,101,0.771
serce,40%,all,XGBoost,2,2,202,0.7193
serce,60%,raw,RF,1,1,101,0.5968
serce,60%,raw,RF,1,2,202,0.6171
serce,60%,raw,NB,1,1,101,0.5967
serce,60%,raw,NB,1,2,202,0.6022
serce,60%,raw,XGBoost,1,1,101,0.6101
serce,60%,raw,XGBoost,1,2,202,0.6198
serce,60%,fill,RF,1,1,101,0.5406
serce,60%,fill,RF,1,2,202,0.5781
serce,60%,fill,NB,1,1,101,0.6106
serce,60%,fill,NB,1,2,202,0.652
serce,60%,fill,XGBoost,1,1,101,0.5855
serce,60%,fill,XGBoost,1,2,202,0.5948
serce,60%,remove_fill,RF,1,1,101,0.5094
serce,60%,remove_fill,RF,1,2,202,0.5776
serce,60%,remove_fill,NB,1,1,101,0.5872
serce,60%,remove_fill,NB,1,2,202,0.6307
serce,60%,remove_fill,XGBoost,1,1,101,0.5772
serce,60%,remove_fill,XGBoost,1,2,202,0.5794
serce,60%,fill_norm,RF,1,1,101,0.5406
serce,60%,fill_norm,RF,1,2,202,0.5781
serce,60%,fill_norm,NB,1,1,101,0.6177
serce,60%,fill_norm,NB,1,2,202,0.6509
serce,60%,fill_norm,XGBoost,1,1,101,0.5855
serce,60%,fill_norm,XGBoost,1,2,202,0.5948
serce,60%,all,RF,1,1,101,0.5096
serce,60%,all,RF,1,2,202,0.578
serce,60%,all,NB,1,1,101,0.6168
serce,60%,all,NB,1,2,202,0.6573
serce,60%,all,XGBoost,1,1,101,0.5772
serce,60%,all,XGBoost,1,2,202,0.5794
serce,60%,raw,RF,2,1,101,0.5817
serce,60%,raw,RF,2,2,202,0.5523
serce,60%,raw,NB,2,1,101,0.6543
serce,60%,raw,NB,2,2,202,0.6608
serce,60%,raw,XGBoost,2,1,101,0.6033
serce,60%,raw,XGBoost,2,2,202,0.555
serce,60%,fill,RF,2,1,101,0.6174
serce,60%,fill,RF,2,2,202,0.5955
serce,60%,fill,NB,2,1,101,0.6515
serce,60%,fill,NB,2,2,202,0.6558
serce,60%,fill,XGBoost,2,1,101,0.652
serce,60%,fill,XGBoost,2,2,202,0.6062
serce,60%,remove_fill,RF,2,1,101,0.6036
serce,60%,remove_fill,RF,2,2,202,0.5997
serce,60%,remove_fill,NB,2,1,101,0.6159
serce,60%,remove_fill,NB,2,2,202,0.6346
serce,60%,remove_fill,XGBoost,2,1,101,0.6553
serce,60%,remove_fill,XGBoost,2,2,202,0.6166
serce,60%,fill_norm,RF,2,1,101,0.6165
serce,60%,fill_norm,RF,2,2,202,0.5958
serce,60%,fill_norm,NB,2,1,101,0.6305
serce,60%,fill_norm,NB,2,2,202,0.6513
serce,60%,fill_norm,XGBoost,2,1,101,0.652
serce,60%,fill_norm,XGBoost,2,2,202,0.6062
serce,60%,all,RF,2,1,101,0.6032
serce,60%,all,RF,2,2,202,0.5988
serce,60%,all,NB,2,1,101,0.6049
serce,60%,all,NB,2,2,202,0.654
serce,60%,all,XGBoost,2,1,101,0.6553
serce,60%,all,XGBoost,2,2,202,0.6166
rezygnacje,ORYGINALNY,raw,RF,0,1,101,0.9122
rezygnacje,ORYGINALNY,raw,RF,0,2,202,0.9104
rezygnacje,ORYGINALNY,raw,NB,0,1,101,0.6517
rezygnacje,ORYGINALNY,raw,NB,0,2,202,0.6532
rezygnacje,ORYGINALNY,raw,XGBoost,0,1,101,0.9123
rezygnacje,ORYGINALNY,raw,XGBoost,0,2,202,0.9125
rezygnacje,20%,raw,RF,1,1,101,0.7819
rezygnacje,20%,raw,RF,1,2,202,0.7883
rezygnacje,20%,raw,NB,1,1,101,0.566
rezygnacje,20%,raw,NB,1,2,202,0.627
rezygnacje,20%,raw,XGBoost,1,1,101,0.8004
rezygnacje,20%,raw,XGBoost,1,2,202,0.8068
rezygnacje,20%,fill,RF,1,1,101,0.7907
rezygnacje,20%,fill,RF,1,2,202,0.7979
rezygnacje,20%,fill,NB,1,1,101,0.5762
rezygnacje,20%,fill,NB,1,2,202,0.615
rezygnacje,20%,fill,XGBoost,1,1,101,0.7961
rezygnacje,20%,fill,XGBoost,1,2,202,0.8089
rezygnacje,20%,remove_fill,RF,1,1,101,0.7948
rezygnacje,20%,remove_fill,RF,1,2,202,0.8002
rezygnacje,20%,remove_fill,NB,1,1,101,0.7555
rezygnacje,20%,remove_fill,NB,1,2,202,0.7494
rezygnacje,20%,remove_fill,XGBoost,1,1,101,0.8038
rezygnacje,20%,remove_fill,XGBoost,1,2,202,0.809
rezygnacje,20%,fill_norm,RF,1,1,101,0.7906
rezygnacje,20%,fill_norm,RF,1,2,202,0.7981
rezygnacje,20%,fill_norm,NB,1,1,101,0.541
rezygnacje,20%,fill_norm,NB,1,2,202,0.592
rezygnacje,20%,fill_norm,XGBoost,1,1,101,0.7961
rezygnacje,20%,fill_norm,XGBoost,1,2,202,0.8089
rezygnacje,20%,all,RF,1,1,101,0.7949
rezygnacje,20%,all,RF,1,2,202,0.8002
rezygnacje,20%,all,NB,1,1,101,0.7555
rezygnacje,20%,all,NB,1,2,202,0.7494
rezygnacje,20%,all,XGBoost,1,1,101,0.8038
rezygnacje,20%,all,XGBoost,1,2,202,0.809
rezygnacje,20%,raw,RF,2,1,101,0.8011
rezygnacje,20%,raw,RF,2,2,202,0.8051
rezygnacje,20%,raw,NB,2,1,101,0.5989
rezygnacje,20%,raw,NB,2,2,202,0.6175
rezygnacje,20%,raw,XGBoost,2,1,101,0.8003
rezygnacje,20%,raw,XGBoost,2,2,202,0.8111
rezygnacje,20%,fill,RF,2,1,101,0.808
rezygnacje,20%,fill,RF,2,2,202,0.8102
rezygnacje,20%,fill,NB,2,1,101,0.6045
rezygnacje,20%,fill,NB,2,2,202,0.6143
rezygnacje,20%,fill,XGBoost,2,1,101,0.8047
rezygnacje,20%,fill,XGBoost,2,2,202,0.8122
rezygnacje,20%,remove_fill,RF,2,1,101,0.8044
rezygnacje,20%,remove_fill,RF,2,2,202,0.801
rezygnacje,20%,remove_fill,NB,2,1,101,0.7797
rezygnacje,20%,remove_fill,NB,2,2,202,0.7735
rezygnacje,20%,remove_fill,XGBoost,2,1,101,0.8138
rezygnacje,20%,remove_fill,XGBoost,2,2,202,0.8144
rezygnacje,20%,fill_norm,RF,2,1,101,0.808
rezygnacje,20%,fill_norm,RF,2,2,202,0.8101
rezygnacje,20%,fill_norm,NB,2,1,101,0.5591
rezygnacje,20%,fill_norm,NB,2,2,202,0.5828
rezygnacje,20%,fill_norm,XGBoost,2,1,101,0.8047
rezygnacje,20%,fill_norm,XGBoost,2,2,202,0.8122
rezygnacje,20%,all,RF,2,1,101,0.8047
rezygnacje,20%,all,RF,2,2,202,0.8013
rezygnacje,20%,all,NB,2,1,101,0.7797
rezygnacje,20%,all,NB,2,2,202,0.7734
rezygnacje,20%,all,XGBoost,2,1,101,0.8138
rezygnacje,20%,all,XGBoost,2,2,202,0.8144
rezygnacje,40%,raw,RF,1,1,101,0.6925
rezygnacje,40%,raw,RF,1,2,202,0.672
rezygnacje,40%,raw,NB,1,1,101,0.6008
rezygnacje,40%,raw,NB,1,2,202,0.6022
rezygnacje,40%,raw,XGBoost,1,1,101,0.7089
rezygnacje,40%,raw,XGBoost,1,2,202,0.7112
rezygnacje,40%,fill,RF,1,1,101,0.7068
rezygnacje,40%,fill,RF,1,2,202,0.7037
rezygnacje,40%,fill,NB,1,1,101,0.6084
rezygnacje,40%,fill,NB,1,2,202,0.615
rezygnacje,40%,fill,XGBoost,1,1,101,0.7132
rezygnacje,40%,fill,XGBoost,1,2,202,0.7144
rezygnacje,40%,remove_fill,RF,1,1,101,0.68
rezygnacje,40%,remove_fill,RF,1,2,202,0.6846
rezygnacje,40%,remove_fill,NB,1,1,101,0.6051
rezygnacje,40%,remove_fill,NB,1,2,202,0.6144
rezygnacje,40%,remove_fill,XGBoost,1,1,101,0.6714
rezygnacje,40%,remove_fill,XGBoost,1,2,202,0.6848
rezygnacje,40%,fill_norm,RF,1,1,101,0.7077
rezygnacje,40%,fill_norm,RF,1,2,202,0.7035
rezygnacje,40%,fill_norm,NB,1,1,101,0.5179
rezygnacje,40%,fill_norm,NB,1,2,202,0.5236
rezygnacje,40%,fill_norm,XGBoost,1,1,101,0.7132
rezygnacje,40%,fill_norm,XGBoost,1,2,202,0.7144
rezygnacje,40%,all,RF,1,1,101,0.6797
rezygnacje,40%,all,RF,1,2,202,0.6852
rezygnacje,40%,all,NB,1,1,101,0.6063
rezygnacje,40%,all,NB,1,2,202,0.6159
rezygnacje,40%,all,XGBoost,1,1,101,0.6714
rezygnacje,40%,all,XGBoost,1,2,202,0.6848
rezygnacje,40%,raw,RF,2,1,101,0.6553
rezygnacje,40%,raw,RF,2,2,202,0.6872
rezygnacje,40%,raw,NB,2,1,101,0.6001
rezygnacje,40%,raw,NB,2,2,202,0.6198
rezygnacje,40%,raw,XGBoost,2,1,101,0.6999
rezygnacje,40%,raw,XGBoost,2,2,202,0.7054
rezygnacje,40%,fill,RF,2,1,101,0.6612
rezygnacje,40%,fill,RF,2,2,202,0.6912
rezygnacje,40%,fill,NB,2,1,101,0.5883
rezygnacje,40%,fill,NB,2,2,202,0.6034
rezygnacje,40%,fill,XGBoost,2,1,101,0.689
rezygnacje,40%,fill,XGBoost,2,2,202,0.6981
rezygnacje,40%,remove_fill,RF,2,1,101,0.6788
rezygnacje,40%,remove_fill,RF,2,2,202,0.6791
rezygnacje,40%,remove_fill,NB,2,1,101,0.6089
rezygnacje,40%,remove_fill,NB,2,2,202,0.6088
rezygnacje,40%,remove_fill,XGBoost,2,1,101,0.6828
rezygnacje,40%,remove_fill,XGBoost,2,2,202,0.7013
rezygnacje,40%,fill_norm,RF,2,1,101,0.6613
rezygnacje,40%,fill_norm,RF,2,2,202,0.6909
rezygnacje,40%,fill_norm,NB,2,1,101,0.5397
rezygnacje,40%,fill_norm,NB,2,2,202,0.5694
rezygnacje,40%,fill_norm,XGBoost,2,1,101,0.689
rezygnacje,40%,fill_norm,XGBoost,2,2,202,0.6981
rezygnacje,40%,all,RF,2,1,101,0.6784
rezygnacje,40%,all,RF,2,2,202,0.6789
rezygnacje,40%,all,NB,2,1,101,0.6094
rezygnacje,40%,all,NB,2,2,202,0.6084
rezygnacje,40%,all,XGBoost,2,1,101,0.6828
rezygnacje,40%,all,XGBoost,2,2,202,0.7013
rezygnacje,60%,raw,RF,1,1,101,0.584
rezygnacje,60%,raw,RF,1,2,202,0.5795
rezygnacje,60%,raw,NB,1,1,101,0.5474
rezygnacje,60%,raw,NB,1,2,202,0.5532
rezygnacje,60%,raw,XGBoost,1,1,101,0.6295
rezygnacje,60%,raw,XGBoost,1,2,202,0.6066
rezygnacje,60%,fill,RF,1,1,101,0.59
rezygnacje,60%,fill,RF,1,2,202,0.5849
rezygnacje,60%,fill,NB,1,1,101,0.5708
rezygnacje,60%,fill,NB,1,2,202,0.5753
rezygnacje,60%,fill,XGBoost,1,1,101,0.6237
rezygnacje,60%,fill,XGBoost,1,2,202,0.6279
rezygnacje,60%,remove_fill,RF,1,1,101,0.5736
rezygnacje,60%,remove_fill,RF,1,2,202,0.5742
rezygnacje,60%,remove_fill,NB,1,1,101,0.547
rezygnacje,60%,remove_fill,NB,1,2,202,0.5583
rezygnacje,60%,remove_fill,XGBoost,1,1,101,0.6028
rezygnacje,60%,remove_fill,XGBoost,1,2,202,0.6211
rezygnacje,60%,fill_norm,RF,1,1,101,0.5903
rezygnacje,60%,fill_norm,RF,1,2,202,0.5854
rezygnacje,60%,fill_norm,NB,1,1,101,0.5004
rezygnacje,60%,fill_norm,NB,1,2,202,0.4913
rezygnacje,60%,fill_norm,XGBoost,1,1,101,0.6237
rezygnacje,60%,fill_norm,XGBoost,1,2,202,0.6279
rezygnacje,60%,all,RF,1,1,101,0.5732
rezygnacje,60%,all,RF,1,2,202,0.575
rezygnacje,60%,all,NB,1,1,101,0.5458
rezygnacje,60%,all,NB,1,2,202,0.5633
rezygnacje,60%,all,XGBoost,1,1,101,0.6028
rezygnacje,60%,all,XGBoost,1,2,202,0.6211
rezygnacje,60%,raw,RF,2,1,101,0.5851
rezygnacje,60%,raw,RF,2,2,202,0.5849
rezygnacje,60%,raw,NB,2,1,101,0.5603
rezygnacje,60%,raw,NB,2,2,202,0.5582
rezygnacje,60%,raw,XGBoost,2,1,101,0.6151
rezygnacje,60%,raw,XGBoost,2,2,202,0.6006
rezygnacje,60%,fill,RF,2,1,101,0.6053
rezygnacje,60%,fill,RF,2,2,202,0.5809
rezygnacje,60%,fill,NB,2,1,101,0.5733
rezygnacje,60%,fill,NB,2,2,202,0.5754
rezygnacje,60%,fill,XGBoost,2,1,101,0.624
rezygnacje,60%,fill,XGBoost,2,2,202,0.6075
rezygnacje,60%,remove_fill,RF,2,1,101,0.5833
rezygnacje,60%,remove_fill,RF,2,2,202,0.5647
rezygnacje,60%,remove_fill,NB,2,1,101,0.5513
rezygnacje,60%,remove_fill,NB,2,2,202,0.5479
rezygnacje,60%,remove_fill,XGBoost,2,1,101,0.6123
rezygnacje,60%,remove_fill,XGBoost,2,2,202,0.6032
rezygnacje,60%,fill_norm,RF,2,1,101,0.6054
rezygnacje,60%,fill_norm,RF,2,2,202,0.5811
rezygnacje,60%,fill_norm,NB,2,1,101,0.5121
rezygnacje,60%,fill_norm,NB,2,2,202,0.5066
rezygnacje,60%,fill_norm,XGBoost,2,1,101,0.624
rezygnacje,60%,fill_norm,XGBoost,2,2,202,0.6075
rezygnacje,60%,all,RF,2,1,101,0.5834
rezygnacje,60%,all,RF,2,2,202,0.5652
rezygnacje,60%,all,NB,2,1,101,0.5501
rezygnacje,60%,all,NB,2,2,202,0.5541
rezygnacje,60%,all,XGBoost,2,1,101,0.6123
rezygnacje,60%,all,XGBoost,2,2,202,0.6032
